batch_id,date,phase,product_type,size,drying_time,sample_count,mean_density_kgm3,range_density_kgm3,std_density_kgm3,passed_pcs,reject_pcs,total_pcs,reject_rate_pct,copq_idr,defect_category,defect_description_raw
BATCH-20260114-001,2026-01-14,Pre-Intervention,BOARD,50x150x600,12 HOURS,7,221.29,19.0,7.83,168,6,174,3.45,270000.0,Keropos & Rapuh (Friability),Sisi depan atau belakang pipe cover keropos
BATCH-20260306-096,2026-03-06,Pre-Intervention,PIPE COVER,"8"" 90",12 HOURS,49,228.94,39.0,12.93,294,15,309,4.85,675000.0,Keropos & Rapuh (Friability),Sisi depan atau belakang pipe cover keropos
BATCH-20260306-107,2026-03-06,Pre-Intervention,BOARD,50x150x600,12 HOURS,11,239.0,28.0,9.17,246,23,269,8.55,1035000.0,Keropos & Rapuh (Friability),Sisi depan atau belakang pipe cover keropos
BATCH-20260307-108,2026-03-07,Pre-Intervention,BOARD,50x150x600,12 HOURS,4,227.5,28.0,12.15,96,5,101,4.95,225000.0,Keropos & Rapuh (Friability),Sisi depan atau belakang pipe cover keropos
BATCH-20260307-097,2026-03-07,Pre-Intervention,PIPE COVER,"8"" 90",12 HOURS,56,244.98,30.0,8.19,336,30,366,8.2,1350000.0,Excess Density (>270 kg/m3),Massa pipe cover terlalu besar sehingga menjadi terlalu berat dan densitasnya melebihi toleransi
BATCH-20260308-051,2026-03-08,Pre-Intervention,PIPE COVER,"6"" 90",12 HOURS,52,247.48,29.0,8.47,156,12,168,7.14,540000.0,Keropos & Rapuh (Friability),Sisi depan atau belakang pipe cover keropos karena terlalu rapuh saat digenggam sehingga menimbulkan gompalan
BATCH-20260309-052,2026-03-09,Pre-Intervention,PIPE COVER,"6"" 90",12 HOURS,46,248.35,25.0,7.25,138,25,163,15.34,1125000.0,Keropos & Rapuh (Friability),Sisi depan atau belakang pipe cover keropos karena terlalu rapuh saat digenggam sehingga menimbulkan gompalan
BATCH-20260310-098,2026-03-10,Pre-Intervention,PIPE COVER,"8"" 90",12 HOURS,9,231.78,19.0,6.74,51,2,53,3.77,90000.0,Keropos & Rapuh (Friability),Sisi depan atau belakang pipe cover keropos
BATCH-20260310-053,2026-03-10,Pre-Intervention,PIPE COVER,"6"" 90",12 HOURS,14,246.21,24.0,8.38,42,6,48,12.5,270000.0,Excess Density (>270 kg/m3),Massa pipe cover terlalu berat lebih dari 6 kg sehingga densitas menjadi terlalu padat dan melebihi toleransi
BATCH-20260311-054,2026-03-11,Pre-Intervention,PIPE COVER,"6"" 90",12 HOURS,9,246.33,22.0,9.34,27,1,28,3.57,45000.0,Keropos & Rapuh (Friability),Sisi depan atau belakang pipe cover keropos
BATCH-20260311-099,2026-03-11,Pre-Intervention,PIPE COVER,"8"" 90",12 HOURS,60,244.4,30.0,9.7,357,16,373,4.29,720000.0,Excess Density (>270 kg/m3),Massa pipe cover terlalu besar sehingga menjadi terlalu berat dan densitasnya melebihi toleransi
BATCH-20260313-100,2026-03-13,Pre-Intervention,PIPE COVER,"8"" 90",12 HOURS,29,245.9,30.0,8.7,174,5,179,2.79,225000.0,Excess Density (>270 kg/m3),Massa pipe cover terlalu besar sehingga menjadi terlalu berat dan densitasnya melebihi toleransi
BATCH-20260313-111,2026-03-13,Pre-Intervention,BOARD,50x150x600,12 HOURS,8,229.75,33.0,13.74,192,12,204,5.88,540000.0,Keropos & Rapuh (Friability),Sisi depan atau belakang board keropos
BATCH-20260313-055,2026-03-13,Pre-Intervention,PIPE COVER,"6"" 90",12 HOURS,4,249.0,21.0,8.76,12,5,17,29.41,225000.0,Keropos & Rapuh (Friability),Sisi depan atau belakang pipe cover keropos
BATCH-20260317-101,2026-03-17,Pre-Intervention,PIPE COVER,"8"" 90",12 HOURS,59,244.53,28.0,8.36,351,19,370,5.14,855000.0,Crack Tengah (Thermal/Drying Stress),"Banyak keretakan di tengah pipe cover, sehingga ada beberapa pcs yang terbelah menjadi 2"
BATCH-20260326-057,2026-03-26,Pre-Intervention,PIPE COVER,"6"" 90",12 HOURS,49,250.37,40.0,12.13,145,18,163,11.04,810000.0,Keropos & Rapuh (Friability),Sisi depan atau belakang pipe cover keropos karena terlalu rapuh saat digenggam sehingga menimbulkan gompalan
BATCH-20260326-102,2026-03-26,Pre-Intervention,PIPE COVER,"8"" 90",12 HOURS,23,246.74,29.0,9.55,136,6,142,4.23,270000.0,Excess Density (>270 kg/m3),Massa pipe cover terlalu besar sehingga menjadi terlalu berat dan densitasnya melebihi toleransi
BATCH-20260327-103,2026-03-27,Pre-Intervention,PIPE COVER,"8"" 90",12 HOURS,61,238.34,35.0,10.71,363,7,370,1.89,315000.0,Keropos & Rapuh (Friability),Sisi depan atau belakang pipe cover keropos
BATCH-20260327-058,2026-03-27,Pre-Intervention,PIPE COVER,"6"" 90",12 HOURS,47,251.51,39.0,12.1,139,14,153,9.15,630000.0,Keropos & Rapuh (Friability),Sisi depan atau belakang pipe cover keropos karena terlalu rapuh saat digenggam sehingga menimbulkan gompalan
BATCH-20260328-104,2026-03-28,Pre-Intervention,PIPE COVER,"8"" 90",12 HOURS,55,235.91,35.0,10.92,329,21,350,6.0,945000.0,Keropos & Rapuh (Friability),Sisi depan atau belakang pipe cover keropos
BATCH-20260328-056,2026-03-28,Pre-Intervention,PIPE COVER,"6"" 90",12 HOURS,24,246.75,25.0,7.82,70,7,77,9.09,315000.0,Crack Tengah (Thermal/Drying Stress),Pipe cover mengalami crack di tengah sehingga dapat terbelah menjadi 2
BATCH-20260329-105,2026-03-29,Pre-Intervention,PIPE COVER,"8"" 90",12 HOURS,45,228.36,40.0,12.11,265,5,270,1.85,225000.0,Keropos & Rapuh (Friability),Sisi depan atau belakang pipe cover keropos
BATCH-20260329-029,2026-03-29,Pre-Intervention,PIPE COVER,"5"" 50",12 HOURS,4,251.0,31.0,17.34,26,6,32,18.75,270000.0,Keropos & Rapuh (Friability),Sisi depan atau belakang pipe cover keropos
BATCH-20260331-106,2026-03-31,Pre-Intervention,PIPE COVER,"8"" 90",12 HOURS,29,237.9,47.0,13.31,173,4,177,2.26,180000.0,Crack Tengah (Thermal/Drying Stress),Crack di tengah pipe cover
BATCH-20260331-030,2026-03-31,Pre-Intervention,PIPE COVER,"5"" 50",12 HOURS,48,236.29,68.0,20.94,333,17,350,4.86,765000.0,Keropos & Rapuh (Friability),Sisi depan atau belakang pipe cover keropos
BATCH-20260401-076,2026-04-01,Post-Intervention,PIPE COVER,"8"" 90",12 HOURS,62,239.81,38.0,10.19,370,0,370,0.0,0.0,,None
BATCH-20260401-077,2026-04-01,Post-Intervention,PIPE COVER,"8"" 90",12 HOURS,59,238.1,35.0,10.87,349,11,360,3.06,495000.0,Crack Tengah (Thermal/Drying Stress),Crack di tengah pipe cover
BATCH-20260401-016,2026-04-01,Post-Intervention,PIPE COVER,"3"" 65",12 HOURS,19,232.74,64.0,21.82,146,38,184,20.65,1710000.0,Keropos & Rapuh (Friability),Sisi depan atau belakang pipe cover keropos
BATCH-20260402-017,2026-04-02,Post-Intervention,PIPE COVER,"3"" 65",12 HOURS,30,229.17,65.0,18.72,239,5,244,2.05,225000.0,Keropos & Rapuh (Friability),Sisi samping pipe cover keropos
BATCH-20260403-078,2026-04-03,Post-Intervention,PIPE COVER,"8"" 90",12 HOURS,62,237.34,40.0,11.35,367,3,370,0.81,135000.0,Keropos & Rapuh (Friability),Sisi depan atau belakang pipe cover keropos
BATCH-20260403-018,2026-04-03,Post-Intervention,PIPE COVER,"3"" 65",12 HOURS,32,235.66,69.0,22.2,249,1,250,0.4,45000.0,Keropos & Rapuh (Friability),Sisi samping pipe cover keropos
BATCH-20260404-079,2026-04-04,Post-Intervention,PIPE COVER,"8"" 90",12 HOURS,58,238.33,35.0,9.52,344,6,350,1.71,270000.0,Keropos & Rapuh (Friability),Sisi depan atau belakang pipe cover keropos
BATCH-20260405-080,2026-04-05,Post-Intervention,PIPE COVER,"8"" 90",12 HOURS,62,238.87,38.0,10.45,368,2,370,0.54,90000.0,Keropos & Rapuh (Friability),Sisi depan atau belakang pipe cover keropos
BATCH-20260406-081,2026-04-06,Post-Intervention,PIPE COVER,"8"" 90",12 HOURS,60,237.03,35.0,11.18,360,10,370,2.7,450000.0,Keropos & Rapuh (Friability),Densitas pipe cover terlalu kecil sehingga menjadi sangat rapuh
BATCH-20260407-082,2026-04-07,Post-Intervention,PIPE COVER,"8"" 90",12 HOURS,58,230.5,45.0,13.39,348,12,360,3.33,540000.0,Crack Tengah (Thermal/Drying Stress),Crack di tengah pipe cover
BATCH-20260407-019,2026-04-07,Post-Intervention,PIPE COVER,"3"" 65",12 HOURS,27,235.0,63.0,19.09,216,14,230,6.09,630000.0,Excess Density (>270 kg/m3),Massa pipe cover sangat berat sehingga densitas menjadi terlalu tinggi
BATCH-20260408-083,2026-04-08,Post-Intervention,PIPE COVER,"8"" 90",12 HOURS,60,237.42,35.0,10.74,355,15,370,4.05,675000.0,Keropos & Rapuh (Friability),Sisi depan atau belakang pipe cover keropos
BATCH-20260408-033,2026-04-08,Post-Intervention,PIPE COVER,"6"" 90",12 HOURS,36,250.58,35.0,11.12,108,9,117,7.69,405000.0,Keropos & Rapuh (Friability),Sisi depan atau belakang pipe cover keropos karena terlalu rapuh saat digenggam sehingga menimbulkan gompalan
BATCH-20260409-084,2026-04-09,Post-Intervention,PIPE COVER,"8"" 90",12 HOURS,30,241.47,29.0,7.9,178,3,181,1.66,135000.0,Keropos & Rapuh (Friability),Pipe cover terlalu rapuh sehingga saat digenggam hancur
BATCH-20260409-034,2026-04-09,Post-Intervention,PIPE COVER,"6"" 90",12 HOURS,17,231.94,34.0,9.87,50,1,51,1.96,45000.0,Crack Tengah (Thermal/Drying Stress),Pipe cover retak di tengah
BATCH-20260410-035,2026-04-10,Post-Intervention,PIPE COVER,"6"" 90",12 HOURS,51,231.76,41.0,12.07,153,27,180,15.0,1215000.0,Keropos & Rapuh (Friability),Sisi depan atau belakang pipe cover keropos karena terlalu rapuh saat digenggam sehingga menimbulkan gompalan
BATCH-20260410-085,2026-04-10,Post-Intervention,PIPE COVER,"8"" 90",12 HOURS,60,236.6,34.0,10.3,357,13,370,3.51,585000.0,Keropos & Rapuh (Friability),Pipe cover terlalu rapuh sehingga keropos ketika di genggam
BATCH-20260411-027,2026-04-11,Post-Intervention,PIPE COVER,"5"" 50",12 HOURS,29,240.41,49.0,14.88,201,19,220,8.64,855000.0,Keropos & Rapuh (Friability),Sisi depan atau belakang pipe cover keropos
BATCH-20260411-032,2026-04-11,Post-Intervention,PIPE COVER,"6"" 90",12 HOURS,84,248.71,35.0,9.14,252,3,255,1.18,135000.0,Keropos & Rapuh (Friability),Sisi depan atau belakang pipe cover keropos karena terlalu rapuh saat digenggam sehingga menimbulkan gompalan
BATCH-20260412-036,2026-04-12,Post-Intervention,PIPE COVER,"6"" 90",12 HOURS,61,251.82,35.0,8.31,183,7,190,3.68,315000.0,Crack Tengah (Thermal/Drying Stress),Crack pada bagian tengah pipe cover
BATCH-20260412-028,2026-04-12,Post-Intervention,PIPE COVER,"5"" 50",12 HOURS,23,233.65,49.0,12.98,157,13,170,7.65,585000.0,Keropos & Rapuh (Friability),Sisi depan atau belakang pipe cover keropos
BATCH-20260414-037,2026-04-14,Post-Intervention,PIPE COVER,"6"" 90",12 HOURS,100,243.83,54.0,13.41,300,5,305,1.64,225000.0,Crack Tengah (Thermal/Drying Stress),Crack pada bagian tengah pipe cover
BATCH-20260414-046,2026-04-14,Post-Intervention,PIPE COVER,"6"" 90",12 HOURS,94,244.05,53.0,11.69,282,15,297,5.05,675000.0,Crack Tengah (Thermal/Drying Stress),Crack pada bagian tengah pipe cover
BATCH-20260415-086,2026-04-15,Post-Intervention,PIPE COVER,"8"" 90",12 HOURS,60,238.37,34.0,9.39,357,13,370,3.51,585000.0,Keropos & Rapuh (Friability),Pipe cover mengalami keretakan di tengah sehingga keropos ketika di genggam
BATCH-20260415-038,2026-04-15,Post-Intervention,PIPE COVER,"6"" 90",12 HOURS,75,235.32,50.0,14.79,224,5,229,2.18,225000.0,Keropos & Rapuh (Friability),Crack pada bagian tengah pipe cover sehingga ketika digenggam sisi atas pipe cover langsung hancur
BATCH-20260416-087,2026-04-16,Post-Intervention,PIPE COVER,"8"" 90",12 HOURS,48,236.65,35.0,9.65,288,8,296,2.7,360000.0,Keropos & Rapuh (Friability),Pipe cover mengalami keretakan di tengah sehingga keropos ketika di genggam
BATCH-20260416-039,2026-04-16,Post-Intervention,PIPE COVER,"6"" 90",12 HOURS,56,249.8,35.0,9.37,168,6,174,3.45,270000.0,Keropos & Rapuh (Friability),Sisi depan atau belakang pipe cover keropos karena terlalu rapuh saat digenggam sehingga menimbulkan gompalan
BATCH-20260417-040,2026-04-17,Post-Intervention,PIPE COVER,"6"" 90",12 HOURS,56,248.96,35.0,10.38,168,2,170,1.18,90000.0,Keropos & Rapuh (Friability),Sisi depan atau belakang pipe cover keropos karena terlalu rapuh saat digenggam sehingga menimbulkan gompalan
BATCH-20260417-088,2026-04-17,Post-Intervention,PIPE COVER,"8"" 90",12 HOURS,48,238.9,33.0,9.5,288,6,294,2.04,270000.0,Keropos & Rapuh (Friability),Pipe cover mengalami keretakan di tengah sehingga keropos ketika di genggam
BATCH-20260421-041,2026-04-21,Post-Intervention,PIPE COVER,"6"" 90",12 HOURS,100,241.2,54.0,12.09,300,20,320,6.25,900000.0,Crack Tengah (Thermal/Drying Stress),Crack pada bagian tengah pipe cover
BATCH-20260422-089,2026-04-22,Post-Intervention,PIPE COVER,"8"" 90",12 HOURS,36,238.69,35.0,10.45,216,5,221,2.26,225000.0,Keropos & Rapuh (Friability),Pipe cover mengalami keretakan di tengah sehingga keropos ketika di genggam
BATCH-20260422-042,2026-04-22,Post-Intervention,PIPE COVER,"6"" 90",12 HOURS,87,247.02,55.0,11.93,260,5,265,1.89,225000.0,Crack Tengah (Thermal/Drying Stress),Pecah dan terbelah ketika di dalam dryer
BATCH-20260423-043,2026-04-23,Post-Intervention,PIPE COVER,"6"" 90",12 HOURS,60,241.58,50.0,13.15,178,7,185,3.78,315000.0,Crack Tengah (Thermal/Drying Stress),Retak di bagian tengah pipe cover
BATCH-20260423-090,2026-04-23,Post-Intervention,PIPE COVER,"8"" 90",12 HOURS,56,240.0,34.0,10.07,336,14,350,4.0,630000.0,Keropos & Rapuh (Friability),Sisi depan atau belakang pipe cover keropos
BATCH-20260424-044,2026-04-24,Post-Intervention,PIPE COVER,"6"" 90",12 HOURS,59,245.64,50.0,14.88,175,16,191,8.38,720000.0,Excess Density (>270 kg/m3),Beberapa pcs memiliki massa yang sangat berat sehingga melebihi toleransi density 270 KG/M3
BATCH-20260424-091,2026-04-24,Post-Intervention,PIPE COVER,"8"" 90",12 HOURS,29,239.17,35.0,9.9,170,30,200,15.0,1350000.0,Keropos & Rapuh (Friability),Pipe cover mengalami keretakan di tengah sehingga keropos ketika di genggam
BATCH-20260425-045,2026-04-25,Post-Intervention,PIPE COVER,"6"" 90",12 HOURS,9,241.44,34.0,12.94,26,0,26,0.0,0.0,,None
BATCH-20260425-092,2026-04-25,Post-Intervention,PIPE COVER,"8"" 90",12 HOURS,12,238.08,25.0,8.15,67,0,67,0.0,0.0,,None
BATCH-20260427-047,2026-04-27,Post-Intervention,PIPE COVER,"6"" 90",12 HOURS,99,243.11,55.0,12.51,297,14,311,4.5,630000.0,Crack Tengah (Thermal/Drying Stress),Crack pada bagian tengah pipe cover
BATCH-20260428-048,2026-04-28,Post-Intervention,PIPE COVER,"6"" 90",12 HOURS,62,243.6,50.0,15.19,185,10,195,5.13,450000.0,Excess Density (>270 kg/m3),Beberapa pcs memiliki massa yang sangat berat sehingga melebihi toleransi density 270 KG/M3
BATCH-20260428-093,2026-04-28,Post-Intervention,PIPE COVER,"8"" 90",12 HOURS,55,239.05,34.0,9.79,329,11,340,3.24,495000.0,Keropos & Rapuh (Friability),Sisi depan atau belakang pipe cover keropos
BATCH-20260429-020,2026-04-29,Post-Intervention,PIPE COVER,"3"" 65",12 HOURS,8,230.0,51.0,20.33,64,18,82,21.95,810000.0,Dimension / Thickness Out-of-Spec,Sebagian besar pipe cover mempunyai ketebalan diatas 68 mm
BATCH-20260429-094,2026-04-29,Post-Intervention,PIPE COVER,"8"" 90",12 HOURS,24,240.08,33.0,8.92,143,7,150,4.67,315000.0,Keropos & Rapuh (Friability),Beberapa pcs terlalu rapuh sehingga ketika digenggam hancur
BATCH-20260429-021,2026-04-29,Post-Intervention,PIPE COVER,"3"" 65",12 HOURS,41,237.61,35.0,10.9,321,7,328,2.13,315000.0,Keropos & Rapuh (Friability),Barang terkena reject dikarenakan terlalu rapuh pada sisi depan atau belakang sehingga hancur ketika digenggam
BATCH-20260429-049,2026-04-29,Post-Intervention,PIPE COVER,"6"" 90",12 HOURS,60,243.5,50.0,15.15,179,8,187,4.28,360000.0,Crack Tengah (Thermal/Drying Stress),Terdapat keretakan di bagian tengah pada beberapa pcs
BATCH-20260430-050,2026-04-30,Post-Intervention,PIPE COVER,"6"" 90",12 HOURS,60,244.67,50.0,15.35,180,7,187,3.74,315000.0,Crack Tengah (Thermal/Drying Stress),Terdapat keretakan di bagian tengah pada beberapa pcs
BATCH-20260430-095,2026-04-30,Post-Intervention,PIPE COVER,"8"" 90",12 HOURS,8,242.5,32.0,10.21,44,0,44,0.0,0.0,,None
BATCH-20260502-007,2026-05-02,Post-Intervention,PIPE COVER,"2"" 50",12 HOURS,7,234.43,30.0,10.45,96,4,100,4.0,180000.0,Keropos & Rapuh (Friability),Pipe cover terlalu rapuh sehingga hancur ketika digenggam
BATCH-20260502-022,2026-05-02,Post-Intervention,PIPE COVER,"3"" 65",12 HOURS,24,238.96,45.0,14.28,189,11,200,5.5,495000.0,Keropos & Rapuh (Friability),Barang terkena reject dikarenakan terlalu rapuh pada sisi depan atau belakang sehingga hancur ketika digenggam
BATCH-20260502-059,2026-05-02,Post-Intervention,PIPE COVER,"6"" 90",12 HOURS,84,247.89,45.0,13.23,252,17,269,6.32,765000.0,Excess Density (>270 kg/m3),Sebagian besar rejected pc dikarenakan memiliki massa yang terlalu besar sehingga melebihi toleransi densitas (>270 Kg/M3)
BATCH-20260503-060,2026-05-03,Post-Intervention,PIPE COVER,"6"" 90",12 HOURS,29,244.52,35.0,12.29,86,11,97,11.34,495000.0,Keropos & Rapuh (Friability),Sisi depan atau belakang pipe cover keropos karena terlalu rapuh saat digenggam sehingga menimbulkan gompalan
BATCH-20260503-008,2026-05-03,Post-Intervention,PIPE COVER,"2"" 50",12 HOURS,19,240.05,31.0,8.46,271,4,275,1.45,180000.0,Keropos & Rapuh (Friability),Pipe cover terlalu rapuh sehingga hancur ketika digenggam
BATCH-20260504-061,2026-05-04,Post-Intervention,PIPE COVER,"6"" 90",12 HOURS,98,242.26,55.0,13.71,293,14,307,4.56,630000.0,Crack Tengah (Thermal/Drying Stress),Crack pada bagian tengah pipe cover
BATCH-20260505-062,2026-05-05,Post-Intervention,PIPE COVER,"6"" 90",12 HOURS,56,245.12,40.0,11.76,166,13,179,7.26,585000.0,Crack Tengah (Thermal/Drying Stress),Sebagian besar rejected pc karena retak di bagian tengah
BATCH-20260505-009,2026-05-05,Post-Intervention,PIPE COVER,"2"" 50",12 HOURS,9,244.78,17.0,5.97,131,4,135,2.96,180000.0,Keropos & Rapuh (Friability),Pipe cover terlalu rapuh sehingga hancur ketika digenggam
BATCH-20260506-010,2026-05-06,Post-Intervention,PIPE COVER,"2"" 50",12 HOURS,18,235.0,32.0,10.47,260,20,280,7.14,900000.0,Keropos & Rapuh (Friability),Pipe cover terlalu rapuh sehingga hancur ketika digenggam
BATCH-20260506-063,2026-05-06,Post-Intervention,PIPE COVER,"6"" 90",12 HOURS,13,248.15,30.0,9.18,37,1,38,2.63,45000.0,Keropos & Rapuh (Friability),Sisi depan atau belakang pipe cover keropos karena terlalu rapuh saat digenggam sehingga menimbulkan gompalan
BATCH-20260507-011,2026-05-07,Post-Intervention,PIPE COVER,"2"" 50",12 HOURS,30,236.17,40.0,10.84,441,44,485,9.07,1980000.0,Keropos & Rapuh (Friability),Pipe cover terlalu rapuh sehingga hancur ketika digenggam
BATCH-20260508-012,2026-05-08,Post-Intervention,PIPE COVER,"2"" 50",12 HOURS,31,236.9,35.0,10.28,458,12,470,2.55,540000.0,Keropos & Rapuh (Friability),Pipe cover terlalu rapuh sehingga hancur ketika digenggam
BATCH-20260508-023,2026-05-08,Post-Intervention,PIPE COVER,"4"" 65",12 HOURS,21,242.38,48.0,14.34,121,16,137,11.68,720000.0,Keropos & Rapuh (Friability),Pipe cover terlalu rapuh sehingga hancur ketika digenggam
BATCH-20260511-002,2026-05-11,Post-Intervention,PIPE COVER,"1 1/4"" 50",12 HOURS,6,230.83,19.0,6.85,97,3,100,3.0,135000.0,Keropos & Rapuh (Friability),Pipe cover terlalu rapuh sehingga hancur ketika digenggam
BATCH-20260511-064,2026-05-11,Post-Intervention,PIPE COVER,"6"" 90",12 HOURS,59,245.05,47.0,14.44,176,10,186,5.38,450000.0,Keropos & Rapuh (Friability),Reject dikarenakan pipe cover sangat rapuh sehingga hancur ketika digenggam
BATCH-20260511-013,2026-05-11,Post-Intervention,PIPE COVER,"2"" 50",12 HOURS,13,231.85,30.0,9.15,181,3,184,1.63,135000.0,Keropos & Rapuh (Friability),Pipe cover terlalu rapuh sehingga hancur ketika digenggam
BATCH-20260512-024,2026-05-12,Post-Intervention,PIPE COVER,"4"" 65",12 HOURS,8,241.25,42.0,14.34,43,0,43,0.0,0.0,,None
BATCH-20260512-065,2026-05-12,Post-Intervention,PIPE COVER,"6"" 90",12 HOURS,67,247.18,43.0,13.1,201,14,215,6.51,630000.0,Keropos & Rapuh (Friability),Rejected pcs dikarenakan terlalu rapuh sehingga hancur ketika di angkat
BATCH-20260512-003,2026-05-12,Post-Intervention,PIPE COVER,"1 1/4"" 50",12 HOURS,16,233.0,30.0,9.67,276,0,276,0.0,0.0,,None
BATCH-20260513-025,2026-05-13,Post-Intervention,PIPE COVER,"4"" 65",12 HOURS,44,246.89,46.0,13.89,264,17,281,6.05,765000.0,Keropos & Rapuh (Friability),Pipe cover terlalu rapuh sehingga hancur ketika digenggam
BATCH-20260513-066,2026-05-13,Post-Intervention,PIPE COVER,"6"" 90",12 HOURS,75,244.65,52.0,11.73,223,15,238,6.3,675000.0,Crack Tengah (Thermal/Drying Stress),Crack pada bagian tengah pipe cover
BATCH-20260518-004,2026-05-18,Post-Intervention,PIPE COVER,"1,5"" 50",12 HOURS,28,239.75,34.0,10.51,414,8,422,1.9,360000.0,Keropos & Rapuh (Friability),Pipe cover terlalu rapuh sehingga hancur ketika digenggam
BATCH-20260518-067,2026-05-18,Post-Intervention,PIPE COVER,"6"" 90",12 HOURS,77,246.95,54.0,13.91,229,11,240,4.58,495000.0,Crack Tengah (Thermal/Drying Stress),Crack pada bagian tengah pipe cover
BATCH-20260519-005,2026-05-19,Post-Intervention,PIPE COVER,"1,5"" 50",12 HOURS,12,242.5,38.0,9.78,170,9,179,5.03,405000.0,Excess Density (>270 kg/m3),Pipe cover mempunyai massa yang terlalu berat sehingga densitas melebihi toleransi
BATCH-20260519-068,2026-05-19,Post-Intervention,PIPE COVER,"6"" 90",12 HOURS,73,244.6,51.0,13.76,218,33,251,13.15,1485000.0,Crack Tengah (Thermal/Drying Stress),Crack pada bagian tengah pipe cover
BATCH-20260519-014,2026-05-19,Post-Intervention,PIPE COVER,"2"" 50",12 HOURS,8,233.75,30.0,12.22,120,2,122,1.64,90000.0,Keropos & Rapuh (Friability),Pipe cover terlalu rapuh sehingga hancur ketika digenggam
BATCH-20260520-069,2026-05-20,Post-Intervention,PIPE COVER,"6"" 90",12 HOURS,53,243.23,48.0,13.67,159,2,161,1.24,90000.0,Keropos & Rapuh (Friability),1 Pc reject karena gompal di bagian depan
BATCH-20260522-070,2026-05-22,Post-Intervention,PIPE COVER,"6"" 90",12 HOURS,67,245.9,42.0,12.11,201,13,214,6.07,585000.0,Keropos & Rapuh (Friability),Rejected pcs dikarenakan terlalu rapuh sehingga hancur ketika di angkat
BATCH-20260617-006,2026-06-17,Post-Intervention,PIPE COVER,"1,5"" 50",8 HOURS,19,249.26,28.0,8.89,277,25,302,8.28,1125000.0,Excess Density (>270 kg/m3),Pipe cover memiliki densitas terlalu besar >350 Kg/m3
BATCH-20260624-074,2026-06-24,Post-Intervention,PIPE COVER,"8"" 50",12 HOURS,2,259.5,11.0,7.78,11,5,16,31.25,225000.0,Keropos & Rapuh (Friability),Crack pada sisi samping pipe cover sehingga keropos dan gompal
BATCH-20260624-031,2026-06-24,Post-Intervention,PIPE COVER,"6"" 30",12 HOURS,4,253.25,13.0,5.74,32,16,48,33.33,720000.0,Crack Tengah (Thermal/Drying Stress),Terdapat keretakan di bagian tengah pada beberapa pcs
BATCH-20260630-075,2026-06-30,Post-Intervention,PIPE COVER,"8"" 50",12 HOURS,25,238.88,34.0,9.66,200,16,216,7.41,720000.0,Excess Density (>270 kg/m3),Massa pc terlalu berat sehingga densitas melebihi toleransi
BATCH-20260701-071,2026-07-01,Post-Intervention,PIPE COVER,"8"" 50",12 HOURS,33,245.39,35.0,10.59,264,26,290,8.97,1170000.0,Crack Tengah (Thermal/Drying Stress),Crack di tengah pipe cover sehingga bisa terbelah menjadi dua
BATCH-20260702-072,2026-07-02,Post-Intervention,PIPE COVER,"8"" 50",12 HOURS,8,241.5,16.0,6.35,62,3,65,4.62,135000.0,Crack Tengah (Thermal/Drying Stress),Crack di tengah pipe cover sehingga dapat terbelah menjadi 2
BATCH-20260720-073,2026-07-20,Post-Intervention,PIPE COVER,"8"" 50",12 HOURS,4,253.0,13.0,5.94,32,2,34,5.88,90000.0,Keropos & Rapuh (Friability),Crack pada sisi samping pipe cover sehingga keropos dan gompal
BATCH-20260720-112,2026-07-20,Post-Intervention,BOARD,150x50,12 HOURS,38,247.82,41.0,10.89,910,70,980,7.14,3150000.0,Excess Density (>270 kg/m3),Sebagian rejected pc dikarenakan memiliki massa yang terlalu besar sehingga melebihi toleransi densitas (>270 Kg/M3)
BATCH-20260720-026,2026-07-20,Post-Intervention,PIPE COVER,"4"" 65",12 HOURS,4,247.25,42.0,18.61,24,2,26,7.69,90000.0,Crack Tengah (Thermal/Drying Stress),Terdapat keretakan dari sisi kiri pipe cover
BATCH-20260730-114,2026-07-30,Post-Intervention,BOARD,150x50,12 HOURS,36,244.83,43.0,12.95,843,16,859,1.86,720000.0,Excess Density (>270 kg/m3),Sebagian rejected pc dikarenakan memiliki massa yang terlalu besar sehingga melebihi toleransi densitas (>270 Kg/M3)
BATCH-20260730-015,2026-07-30,Post-Intervention,PIPE COVER,"2,5"" 30",12 HOURS,1,250.0,0.0,0.0,20,5,25,20.0,225000.0,Other Mechanical Defects,Terdapat coak di sisi kanan atau kiri pipe cover
BATCH-20260812-110,2026-08-12,Post-Intervention,BOARD,150x50,12 HOURS,30,244.27,34.0,10.92,707,29,736,3.94,1305000.0,Excess Density (>270 kg/m3),Sebagian rejected pc dikarenakan memiliki massa yang terlalu besar sehingga melebihi toleransi densitas (>270 Kg/M3)
BATCH-20260812-115,2026-08-12,Post-Intervention,BOARD,50x300x600,12 HOURS,10,234.0,31.0,11.86,98,10,108,9.26,450000.0,Excess Density (>270 kg/m3),board memiliki densitas lebih dari toleransi spesifikasi (>260 kg/m3)
BATCH-20260821-113,2026-08-21,Post-Intervention,BOARD,150x50,12 HOURS,42,246.93,45.0,14.25,996,60,1056,5.68,2700000.0,Dimension / Thickness Out-of-Spec,Sebagian besar rejected pcs dikarenakan memiliki ketebalan dibawah toleransi spesifikasi (<47 mm)
BATCH-20260903-109,2026-09-03,Post-Intervention,BOARD,150x50,12 HOURS,29,244.93,33.0,9.62,680,40,720,5.56,1800000.0,Keropos & Rapuh (Friability),Sebagian rejected pc dikarenakan masih terasa belum kering sehingga mudah sekali patah dan rapuh
